date_id,peptide_id,region_id,source_id,interest_score
20230101,1,,1,0.0
20230108,1,,1,0.0
20230115,1,,1,0.0
20230122,1,,1,0.0
20230129,1,,1,0.0
20230205,1,,1,1.0
20230212,1,,1,0.0
20230219,1,,1,0.0
20230226,1,,1,0.0
20230305,1,,1,0.0
20230312,1,,1,0.0
20230319,1,,1,1.0
20230326,1,,1,0.0
20230402,1,,1,0.0
20230409,1,,1,0.0
20230416,1,,1,0.0
20230423,1,,1,0.0
20230430,1,,1,0.0
20230507,1,,1,1.0
20230514,1,,1,0.0
20230521,1,,1,0.0
20230528,1,,1,0.0
20230604,1,,1,0.0
20230611,1,,1,0.0
20230618,1,,1,0.0
20230625,1,,1,0.0
20230702,1,,1,0.0
20230709,1,,1,0.0
20230716,1,,1,0.0
20230723,1,,1,0.0
20230730,1,,1,0.0
20230806,1,,1,0.0
20230813,1,,1,0.0
20230820,1,,1,0.0
20230827,1,,1,0.0
20230903,1,,1,0.0
20230910,1,,1,0.0
20230917,1,,1,0.0
20230924,1,,1,0.0
20231001,1,,1,0.0
20231008,1,,1,1.0
20231015,1,,1,0.0
20231022,1,,1,0.0
20231029,1,,1,1.0
20231105,1,,1,0.0
20231112,1,,1,0.0
20231119,1,,1,1.0
20231126,1,,1,1.0
20231203,1,,1,0.0
20231210,1,,1,0.0
20231217,1,,1,0.0
20231224,1,,1,0.0
20231231,1,,1,0.0
20240107,1,,1,1.0
20240114,1,,1,1.0
20240121,1,,1,1.0
20240128,1,,1,0.0
20240204,1,,1,1.0
20240211,1,,1,1.0
20240218,1,,1,1.0
20240225,1,,1,1.0
20240303,1,,1,0.0
20240310,1,,1,1.0
20240317,1,,1,1.0
20240324,1,,1,0.0
20240331,1,,1,0.0
20240407,1,,1,1.0
20240414,1,,1,0.0
20240421,1,,1,1.0
20240428,1,,1,0.0
20240505,1,,1,0.0
20240512,1,,1,0.0
20240519,1,,1,1.0
20240526,1,,1,0.0
20240602,1,,1,1.0
20240609,1,,1,1.0
20240616,1,,1,0.0
20240623,1,,1,1.0
20240630,1,,1,0.0
20240707,1,,1,1.0
20240714,1,,1,0.0
20240721,1,,1,0.0
20240728,1,,1,0.0
20240804,1,,1,0.0
20240811,1,,1,0.0
20240818,1,,1,1.0
20240825,1,,1,1.0
20240901,1,,1,1.0
20240908,1,,1,1.0
20240915,1,,1,0.0
20240922,1,,1,1.0
20240929,1,,1,1.0
20241006,1,,1,1.0
20241013,1,,1,1.0
20241020,1,,1,1.0
20241027,1,,1,1.0
20241103,1,,1,0.0
20241110,1,,1,0.0
20241117,1,,1,1.0
20241124,1,,1,1.0
20241201,1,,1,0.0
20241208,1,,1,0.0
20241215,1,,1,0.0
20241222,1,,1,1.0
20241229,1,,1,0.0
20250105,1,,1,1.0
20250112,1,,1,1.0
20250119,1,,1,0.0
20250126,1,,1,1.0
20250202,1,,1,0.0
20250209,1,,1,0.0
20250216,1,,1,0.0
20250223,1,,1,1.0
20250302,1,,1,1.0
20250309,1,,1,1.0
20250316,1,,1,1.0
20250323,1,,1,0.0
20250330,1,,1,1.0
20250406,1,,1,1.0
20250413,1,,1,0.0
20250420,1,,1,1.0
20250427,1,,1,1.0
20250504,1,,1,1.0
20250511,1,,1,1.0
20250518,1,,1,1.0
20250525,1,,1,1.0
20250601,1,,1,1.0
20250608,1,,1,1.0
20250615,1,,1,1.0
20250622,1,,1,1.0
20250629,1,,1,1.0
20250706,1,,1,1.0
20250713,1,,1,1.0
20250720,1,,1,1.0
20250727,1,,1,2.0
20250803,1,,1,1.0
20250810,1,,1,1.0
20250817,1,,1,1.0
20250824,1,,1,1.0
20250831,1,,1,1.0
20250907,1,,1,2.0
20250914,1,,1,1.0
20250921,1,,1,1.0
20250928,1,,1,1.0
20251005,1,,1,1.0
20251012,1,,1,0.0
20251019,1,,1,1.0
20251026,1,,1,2.0
20251102,1,,1,3.0
20251109,1,,1,3.0
20251116,1,,1,2.0
20251123,1,,1,3.0
20251130,1,,1,3.0
20251207,1,,1,3.0
20251214,1,,1,3.0
20251221,1,,1,3.0
20251228,1,,1,3.0
20260104,1,,1,2.0
20260111,1,,1,3.0
20260118,1,,1,3.0
20260125,1,,1,3.0
20260201,1,,1,3.0
20260208,1,,1,3.0
20260215,1,,1,2.0
20260222,1,,1,2.0
20260301,1,,1,4.0
20260308,1,,1,4.0
20260315,1,,1,5.0
20260322,1,,1,4.0
20260329,1,,1,5.0
20260405,1,,1,4.0
20260412,1,,1,5.0
20260419,1,,1,4.0
20260426,1,,1,3.0
20260503,1,,1,3.0
20260510,1,,1,3.0
20260517,1,,1,3.0
20260524,1,,1,4.0
20260531,1,,1,4.0
20260607,1,,1,2.0
20260614,1,,1,3.0
20260621,1,,1,5.0
20260628,1,,1,7.0
20260705,1,,1,5.0
20260712,1,,1,4.0
20260719,1,,1,5.0
20260726,1,,1,4.0
20260802,1,,1,2.0
20260809,1,,1,3.0
20230101,2,,1,0.0
20230108,2,,1,0.0
20230115,2,,1,0.0
20230122,2,,1,0.0
20230129,2,,1,0.0
20230205,2,,1,0.0
20230212,2,,1,0.0
20230219,2,,1,0.0
20230226,2,,1,0.0
20230305,2,,1,0.0
20230312,2,,1,0.0
20230319,2,,1,0.0
20230326,2,,1,0.0
20230402,2,,1,0.0
20230409,2,,1,0.0
20230416,2,,1,0.0
20230423,2,,1,0.0
20230430,2,,1,0.0
20230507,2,,1,0.0
20230514,2,,1,0.0
20230521,2,,1,0.0
20230528,2,,1,0.0
20230604,2,,1,0.0
20230611,2,,1,0.0
20230618,2,,1,0.0
20230625,2,,1,0.0
20230702,2,,1,0.0
20230709,2,,1,0.0
20230716,2,,1,0.0
20230723,2,,1,0.0
20230730,2,,1,0.0
20230806,2,,1,0.0
20230813,2,,1,0.0
20230820,2,,1,0.0
20230827,2,,1,0.0
20230903,2,,1,0.0
20230910,2,,1,0.0
20230917,2,,1,0.0
20230924,2,,1,0.0
20231001,2,,1,0.0
20231008,2,,1,0.0
20231015,2,,1,0.0
20231022,2,,1,0.0
20231029,2,,1,0.0
20231105,2,,1,0.0
20231112,2,,1,0.0
20231119,2,,1,0.0
20231126,2,,1,0.0
20231203,2,,1,0.0
20231210,2,,1,0.0
20231217,2,,1,0.0
20231224,2,,1,1.0
20231231,2,,1,0.0
20240107,2,,1,0.0
20240114,2,,1,0.0
20240121,2,,1,0.0
20240128,2,,1,0.0
20240204,2,,1,0.0
20240211,2,,1,0.0
20240218,2,,1,0.0
20240225,2,,1,0.0
20240303,2,,1,0.0
20240310,2,,1,0.0
20240317,2,,1,0.0
20240324,2,,1,0.0
20240331,2,,1,0.0
20240407,2,,1,0.0
20240414,2,,1,0.0
20240421,2,,1,0.0
20240428,2,,1,0.0
20240505,2,,1,0.0
20240512,2,,1,0.0
20240519,2,,1,0.0
20240526,2,,1,0.0
20240602,2,,1,0.0
20240609,2,,1,0.0
20240616,2,,1,0.0
20240623,2,,1,0.0
20240630,2,,1,0.0
20240707,2,,1,0.0
20240714,2,,1,0.0
20240721,2,,1,0.0
20240728,2,,1,0.0
20240804,2,,1,0.0
20240811,2,,1,0.0
20240818,2,,1,0.0
20240825,2,,1,0.0
20240901,2,,1,0.0
20240908,2,,1,0.0
20240915,2,,1,0.0
20240922,2,,1,0.0
20240929,2,,1,0.0
20241006,2,,1,0.0
20241013,2,,1,0.0
20241020,2,,1,0.0
20241027,2,,1,1.0
20241103,2,,1,0.0
20241110,2,,1,1.0
20241117,2,,1,0.0
20241124,2,,1,0.0
20241201,2,,1,0.0
20241208,2,,1,0.0
20241215,2,,1,0.0
20241222,2,,1,0.0
20241229,2,,1,0.0
20250105,2,,1,0.0
20250112,2,,1,0.0
20250119,2,,1,0.0
20250126,2,,1,0.0
20250202,2,,1,0.0
20250209,2,,1,0.0
20250216,2,,1,0.0
20250223,2,,1,0.0
20250302,2,,1,0.0
20250309,2,,1,0.0
20250316,2,,1,0.0
20250323,2,,1,0.0
20250330,2,,1,0.0
20250406,2,,1,0.0
20250413,2,,1,0.0
20250420,2,,1,0.0
20250427,2,,1,0.0
20250504,2,,1,0.0
20250511,2,,1,1.0
20250518,2,,1,0.0
20250525,2,,1,0.0
20250601,2,,1,0.0
20250608,2,,1,0.0
20250615,2,,1,0.0
20250622,2,,1,0.0
20250629,2,,1,0.0
20250706,2,,1,0.0
20250713,2,,1,0.0
20250720,2,,1,0.0
20250727,2,,1,0.0
20250803,2,,1,0.0
20250810,2,,1,0.0
20250817,2,,1,0.0
20250824,2,,1,0.0
20250831,2,,1,0.0
20250907,2,,1,0.0
20250914,2,,1,0.0
20250921,2,,1,0.0
20250928,2,,1,0.0
20251005,2,,1,1.0
20251012,2,,1,0.0
20251019,2,,1,0.0
20251026,2,,1,0.0
20251102,2,,1,1.0
20251109,2,,1,1.0
20251116,2,,1,0.0
20251123,2,,1,1.0
20251130,2,,1,1.0
20251207,2,,1,1.0
20251214,2,,1,1.0
20251221,2,,1,1.0
20251228,2,,1,1.0
20260104,2,,1,1.0
20260111,2,,1,1.0
20260118,2,,1,1.0
20260125,2,,1,1.0
20260201,2,,1,1.0
20260208,2,,1,2.0
20260215,2,,1,0.5
20260222,2,,1,1.0
20260301,2,,1,2.0
20260308,2,,1,1.0
20260315,2,,1,2.0
20260322,2,,1,2.0
20260329,2,,1,2.0
20260405,2,,1,2.0
20260412,2,,1,2.0
20260419,2,,1,1.0
20260426,2,,1,1.0
20260503,2,,1,2.0
20260510,2,,1,2.0
20260517,2,,1,1.0
20260524,2,,1,1.0
20260531,2,,1,2.0
20260607,2,,1,1.0
20260614,2,,1,1.0
20260621,2,,1,3.0
20260628,2,,1,3.0
20260705,2,,1,2.0
20260712,2,,1,2.0
20260719,2,,1,2.0
20260726,2,,1,1.0
20260802,2,,1,1.0
20260809,2,,1,1.0
20230101,3,,1,0.0
20230108,3,,1,0.0
20230115,3,,1,0.0
20230122,3,,1,0.0
20230129,3,,1,0.0
20230205,3,,1,0.0
20230212,3,,1,0.0
20230219,3,,1,0.0
20230226,3,,1,0.0
20230305,3,,1,0.0
20230312,3,,1,0.0
20230319,3,,1,0.0
20230326,3,,1,0.0
20230402,3,,1,0.0
20230409,3,,1,0.0
20230416,3,,1,0.0
20230423,3,,1,0.0
20230430,3,,1,0.0
20230507,3,,1,0.0
20230514,3,,1,0.0
20230521,3,,1,0.0
20230528,3,,1,0.0
20230604,3,,1,0.0
20230611,3,,1,0.0
20230618,3,,1,0.0
20230625,3,,1,1.0
20230702,3,,1,0.0
20230709,3,,1,0.0
20230716,3,,1,0.0
20230723,3,,1,0.0
20230730,3,,1,0.0
20230806,3,,1,0.0
20230813,3,,1,0.0
20230820,3,,1,0.0
20230827,3,,1,0.0
20230903,3,,1,0.0
20230910,3,,1,0.0
20230917,3,,1,0.0
20230924,3,,1,0.0
20231001,3,,1,0.0
20231008,3,,1,0.0
20231015,3,,1,0.0
20231022,3,,1,0.0
20231029,3,,1,0.0
20231105,3,,1,0.0
20231112,3,,1,0.0
20231119,3,,1,1.0
20231126,3,,1,0.0
20231203,3,,1,0.0
20231210,3,,1,0.0
20231217,3,,1,0.0
20231224,3,,1,1.0
20231231,3,,1,0.0
20240107,3,,1,0.0
20240114,3,,1,0.0
20240121,3,,1,0.0
20240128,3,,1,0.0
20240204,3,,1,0.0
20240211,3,,1,1.0
20240218,3,,1,0.0
20240225,3,,1,0.0
20240303,3,,1,0.0
20240310,3,,1,0.0
20240317,3,,1,0.0
20240324,3,,1,0.0
20240331,3,,1,1.0
20240407,3,,1,0.0
20240414,3,,1,0.0
20240421,3,,1,0.0
20240428,3,,1,0.0
20240505,3,,1,1.0
20240512,3,,1,4.0
20240519,3,,1,0.0
20240526,3,,1,0.0
20240602,3,,1,0.0
20240609,3,,1,0.0
20240616,3,,1,0.0
20240623,3,,1,1.0
20240630,3,,1,0.0
20240707,3,,1,0.0
20240714,3,,1,0.0
20240721,3,,1,0.0
20240728,3,,1,0.0
20240804,3,,1,0.0
20240811,3,,1,0.0
20240818,3,,1,1.0
20240825,3,,1,0.0
20240901,3,,1,1.0
20240908,3,,1,0.0
20240915,3,,1,0.0
20240922,3,,1,0.0
20240929,3,,1,0.0
20241006,3,,1,1.0
20241013,3,,1,1.0
20241020,3,,1,1.0
20241027,3,,1,1.0
20241103,3,,1,1.0
20241110,3,,1,1.0
20241117,3,,1,1.0
20241124,3,,1,1.0
20241201,3,,1,0.0
20241208,3,,1,1.0
20241215,3,,1,1.0
20241222,3,,1,1.0
20241229,3,,1,1.0
20250105,3,,1,2.0
20250112,3,,1,1.0
20250119,3,,1,1.0
20250126,3,,1,1.0
20250202,3,,1,2.0
20250209,3,,1,1.0
20250216,3,,1,3.0
20250223,3,,1,2.0
20250302,3,,1,2.0
20250309,3,,1,4.0
20250316,3,,1,6.0
20250323,3,,1,4.0
20250330,3,,1,3.0
20250406,3,,1,5.0
20250413,3,,1,5.0
20250420,3,,1,4.0
20250427,3,,1,5.0
20250504,3,,1,7.0
20250511,3,,1,7.0
20250518,3,,1,8.0
20250525,3,,1,9.0
20250601,3,,1,8.0
20250608,3,,1,12.0
20250615,3,,1,10.0
20250622,3,,1,14.0
20250629,3,,1,12.0
20250706,3,,1,14.0
20250713,3,,1,24.0
20250720,3,,1,25.0
20250727,3,,1,21.0
20250803,3,,1,25.0
20250810,3,,1,42.0
20250817,3,,1,41.0
20250824,3,,1,36.0
20250831,3,,1,35.0
20250907,3,,1,29.0
20250914,3,,1,24.0
20250921,3,,1,29.0
20250928,3,,1,28.0
20251005,3,,1,28.0
20251012,3,,1,29.0
20251019,3,,1,28.0
20251026,3,,1,31.0
20251102,3,,1,31.0
20251109,3,,1,27.0
20251116,3,,1,26.0
20251123,3,,1,30.0
20251130,3,,1,31.0
20251207,3,,1,29.0
20251214,3,,1,28.0
20251221,3,,1,26.0
20251228,3,,1,39.0
20260104,3,,1,45.0
20260111,3,,1,45.0
20260118,3,,1,49.0
20260125,3,,1,45.0
20260201,3,,1,48.0
20260208,3,,1,44.0
20260215,3,,1,43.0
20260222,3,,1,49.0
20260301,3,,1,51.0
20260308,3,,1,58.0
20260315,3,,1,62.0
20260322,3,,1,63.0
20260329,3,,1,60.0
20260405,3,,1,60.0
20260412,3,,1,76.0
20260419,3,,1,72.0
20260426,3,,1,72.0
20260503,3,,1,68.0
20260510,3,,1,68.0
20260517,3,,1,82.0
20260524,3,,1,76.0
20260531,3,,1,89.0
20260607,3,,1,83.0
20260614,3,,1,81.0
20260621,3,,1,84.0
20260628,3,,1,87.0
20260705,3,,1,87.0
20260712,3,,1,80.0
20260719,3,,1,82.0
20260726,3,,1,79.0
20260802,3,,1,89.0
20260809,3,,1,82.0
20230101,4,,1,9.0
20230108,4,,1,8.0
20230115,4,,1,9.0
20230122,4,,1,9.0
20230129,4,,1,12.0
20230205,4,,1,9.0
20230212,4,,1,16.0
20230219,4,,1,11.0
20230226,4,,1,12.0
20230305,4,,1,61.0
20230312,4,,1,19.0
20230319,4,,1,17.0
20230326,4,,1,14.0
20230402,4,,1,12.0
20230409,4,,1,12.0
20230416,4,,1,16.0
20230423,4,,1,16.0
20230430,4,,1,15.0
20230507,4,,1,16.0
20230514,4,,1,16.0
20230521,4,,1,21.0
20230528,4,,1,18.0
20230604,4,,1,23.0
20230611,4,,1,19.0
20230618,4,,1,17.0
20230625,4,,1,16.0
20230702,4,,1,16.0
20230709,4,,1,15.0
20230716,4,,1,14.0
20230723,4,,1,15.0
20230730,4,,1,15.0
20230806,4,,1,22.0
20230813,4,,1,17.0
20230820,4,,1,18.0
20230827,4,,1,17.0
20230903,4,,1,22.0
20230910,4,,1,17.0
20230917,4,,1,18.0
20230924,4,,1,17.0
20231001,4,,1,18.0
20231008,4,,1,17.0
20231015,4,,1,16.0
20231022,4,,1,19.0
20231029,4,,1,15.0
20231105,4,,1,19.0
20231112,4,,1,22.0
20231119,4,,1,17.0
20231126,4,,1,15.0
20231203,4,,1,16.0
20231210,4,,1,15.0
20231217,4,,1,12.0
20231224,4,,1,13.0
20231231,4,,1,16.0
20240107,4,,1,18.0
20240114,4,,1,19.0
20240121,4,,1,17.0
20240128,4,,1,19.0
20240204,4,,1,19.0
20240211,4,,1,23.0
20240218,4,,1,20.0
20240225,4,,1,21.0
20240303,4,,1,24.0
20240310,4,,1,24.0
20240317,4,,1,26.0
20240324,4,,1,22.0
20240331,4,,1,24.0
20240407,4,,1,24.0
20240414,4,,1,24.0
20240421,4,,1,23.0
20240428,4,,1,22.0
20240505,4,,1,20.0
20240512,4,,1,38.0
20240519,4,,1,36.0
20240526,4,,1,33.0
20240602,4,,1,32.0
20240609,4,,1,31.0
20240616,4,,1,31.0
20240623,4,,1,27.0
20240630,4,,1,28.0
20240707,4,,1,27.0
20240714,4,,1,28.0
20240721,4,,1,32.0
20240728,4,,1,29.0
20240804,4,,1,25.0
20240811,4,,1,25.0
20240818,4,,1,25.0
20240825,4,,1,26.0
20240901,4,,1,30.0
20240908,4,,1,25.0
20240915,4,,1,26.0
20240922,4,,1,25.0
20240929,4,,1,24.0
20241006,4,,1,23.0
20241013,4,,1,28.0
20241020,4,,1,28.0
20241027,4,,1,23.0
20241103,4,,1,23.0
20241110,4,,1,22.0
20241117,4,,1,20.0
20241124,4,,1,19.0
20241201,4,,1,18.0
20241208,4,,1,17.0
20241215,4,,1,17.0
20241222,4,,1,15.0
20241229,4,,1,20.0
20250105,4,,1,22.0
20250112,4,,1,24.0
20250119,4,,1,20.0
20250126,4,,1,21.0
20250202,4,,1,21.0
20250209,4,,1,22.0
20250216,4,,1,21.0
20250223,4,,1,21.0
20250302,4,,1,20.0
20250309,4,,1,20.0
20250316,4,,1,21.0
20250323,4,,1,19.0
20250330,4,,1,18.0
20250406,4,,1,18.0
20250413,4,,1,20.0
20250420,4,,1,20.0
20250427,4,,1,21.0
20250504,4,,1,18.0
20250511,4,,1,26.0
20250518,4,,1,21.0
20250525,4,,1,19.0
20250601,4,,1,20.0
20250608,4,,1,19.0
20250615,4,,1,17.0
20250622,4,,1,18.0
20250629,4,,1,14.0
20250706,4,,1,16.0
20250713,4,,1,14.0
20250720,4,,1,15.0
20250727,4,,1,15.0
20250803,4,,1,15.0
20250810,4,,1,17.0
20250817,4,,1,19.0
20250824,4,,1,18.0
20250831,4,,1,17.0
20250907,4,,1,15.0
20250914,4,,1,13.0
20250921,4,,1,15.0
20250928,4,,1,13.0
20251005,4,,1,12.0
20251012,4,,1,13.0
20251019,4,,1,14.0
20251026,4,,1,17.0
20251102,4,,1,18.0
20251109,4,,1,16.0
20251116,4,,1,19.0
20251123,4,,1,20.0
20251130,4,,1,19.0
20251207,4,,1,18.0
20251214,4,,1,18.0
20251221,4,,1,17.0
20251228,4,,1,19.0
20260104,4,,1,24.0
20260111,4,,1,21.0
20260118,4,,1,22.0
20260125,4,,1,20.0
20260201,4,,1,24.0
20260208,4,,1,22.0
20260215,4,,1,18.0
20260222,4,,1,21.0
20260301,4,,1,24.0
20260308,4,,1,28.0
20260315,4,,1,28.0
20260322,4,,1,31.0
20260329,4,,1,33.0
20260405,4,,1,27.0
20260412,4,,1,31.0
20260419,4,,1,25.0
20260426,4,,1,20.0
20260503,4,,1,20.0
20260510,4,,1,19.0
20260517,4,,1,24.0
20260524,4,,1,21.0
20260531,4,,1,21.0
20260607,4,,1,20.0
20260614,4,,1,18.0
20260621,4,,1,34.0
20260628,4,,1,37.0
20260705,4,,1,43.0
20260712,4,,1,45.0
20260719,4,,1,30.0
20260726,4,,1,29.0
20260802,4,,1,25.0
20260809,4,,1,66.0
20230101,5,,1,0.0
20230108,5,,1,1.0
20230115,5,,1,0.0
20230122,5,,1,0.0
20230129,5,,1,0.0
20230205,5,,1,0.0
20230212,5,,1,0.5
20230219,5,,1,1.0
20230226,5,,1,0.0
20230305,5,,1,1.0
20230312,5,,1,0.0
20230319,5,,1,1.0
20230326,5,,1,0.0
20230402,5,,1,0.0
20230409,5,,1,0.0
20230416,5,,1,1.0
20230423,5,,1,1.0
20230430,5,,1,1.0
20230507,5,,1,0.0
20230514,5,,1,0.0
20230521,5,,1,0.0
20230528,5,,1,0.0
20230604,5,,1,0.5
20230611,5,,1,0.0
20230618,5,,1,0.0
20230625,5,,1,0.0
20230702,5,,1,1.0
20230709,5,,1,0.0
20230716,5,,1,0.0
20230723,5,,1,1.0
20230730,5,,1,0.0
20230806,5,,1,1.0
20230813,5,,1,0.0
20230820,5,,1,0.0
20230827,5,,1,0.0
20230903,5,,1,1.0
20230910,5,,1,0.0
20230917,5,,1,0.0
20230924,5,,1,0.0
20231001,5,,1,0.0
20231008,5,,1,1.0
20231015,5,,1,0.0
20231022,5,,1,0.0
20231029,5,,1,0.0
20231105,5,,1,1.0
20231112,5,,1,0.0
20231119,5,,1,0.0
20231126,5,,1,0.0
20231203,5,,1,0.0
20231210,5,,1,0.0
20231217,5,,1,0.0
20231224,5,,1,0.0
20231231,5,,1,0.0
20240107,5,,1,0.0
20240114,5,,1,0.0
20240121,5,,1,0.0
20240128,5,,1,1.0
20240204,5,,1,0.0
20240211,5,,1,1.0
20240218,5,,1,0.0
20240225,5,,1,0.0
20240303,5,,1,0.0
20240310,5,,1,1.0
20240317,5,,1,0.0
20240324,5,,1,1.0
20240331,5,,1,1.0
20240407,5,,1,0.0
20240414,5,,1,0.0
20240421,5,,1,0.0
20240428,5,,1,1.0
20240505,5,,1,1.0
20240512,5,,1,0.0
20240519,5,,1,0.0
20240526,5,,1,1.0
20240602,5,,1,0.0
20240609,5,,1,0.0
20240616,5,,1,0.0
20240623,5,,1,0.0
20240630,5,,1,0.0
20240707,5,,1,0.0
20240714,5,,1,0.0
20240721,5,,1,0.0
20240728,5,,1,0.0
20240804,5,,1,0.0
20240811,5,,1,0.0
20240818,5,,1,0.0
20240825,5,,1,0.0
20240901,5,,1,0.0
20240908,5,,1,0.0
20240915,5,,1,0.0
20240922,5,,1,0.0
20240929,5,,1,1.0
20241006,5,,1,1.0
20241013,5,,1,0.0
20241020,5,,1,1.0
20241027,5,,1,1.0
20241103,5,,1,0.0
20241110,5,,1,0.0
20241117,5,,1,0.0
20241124,5,,1,1.0
20241201,5,,1,0.0
20241208,5,,1,1.0
20241215,5,,1,1.0
20241222,5,,1,0.0
20241229,5,,1,1.0
20250105,5,,1,0.0
20250112,5,,1,0.0
20250119,5,,1,0.0
20250126,5,,1,1.0
20250202,5,,1,0.0
20250209,5,,1,1.0
20250216,5,,1,0.0
20250223,5,,1,1.0
20250302,5,,1,0.0
20250309,5,,1,0.0
20250316,5,,1,1.0
20250323,5,,1,1.0
20250330,5,,1,1.0
20250406,5,,1,0.0
20250413,5,,1,0.0
20250420,5,,1,1.0
20250427,5,,1,1.0
20250504,5,,1,1.0
20250511,5,,1,1.0
20250518,5,,1,1.0
20250525,5,,1,1.0
20250601,5,,1,1.0
20250608,5,,1,1.0
20250615,5,,1,1.0
20250622,5,,1,1.0
20250629,5,,1,1.0
20250706,5,,1,1.0
20250713,5,,1,2.0
20250720,5,,1,1.0
20250727,5,,1,2.0
20250803,5,,1,3.0
20250810,5,,1,2.0
20250817,5,,1,2.0
20250824,5,,1,2.0
20250831,5,,1,2.0
20250907,5,,1,1.0
20250914,5,,1,2.0
20250921,5,,1,2.0
20250928,5,,1,3.0
20251005,5,,1,2.0
20251012,5,,1,2.0
20251019,5,,1,2.0
20251026,5,,1,2.0
20251102,5,,1,2.0
20251109,5,,1,2.0
20251116,5,,1,2.0
20251123,5,,1,2.0
20251130,5,,1,3.0
20251207,5,,1,2.0
20251214,5,,1,2.0
20251221,5,,1,2.0
20251228,5,,1,3.0
20260104,5,,1,3.0
20260111,5,,1,4.0
20260118,5,,1,4.0
20260125,5,,1,3.0
20260201,5,,1,4.0
20260208,5,,1,4.0
20260215,5,,1,3.0
20260222,5,,1,4.0
20260301,5,,1,4.0
20260308,5,,1,5.0
20260315,5,,1,6.0
20260322,5,,1,5.0
20260329,5,,1,5.0
20260405,5,,1,4.0
20260412,5,,1,5.0
20260419,5,,1,4.0
20260426,5,,1,5.0
20260503,5,,1,5.0
20260510,5,,1,4.0
20260517,5,,1,5.0
20260524,5,,1,5.0
20260531,5,,1,4.0
20260607,5,,1,4.0
20260614,5,,1,3.0
20260621,5,,1,5.0
20260628,5,,1,5.0
20260705,5,,1,5.0
20260712,5,,1,5.0
20260719,5,,1,5.0
20260726,5,,1,4.0
20260802,5,,1,4.0
20260809,5,,1,4.0
20230101,6,,1,0.0
20230108,6,,1,0.0
20230115,6,,1,0.0
20230122,6,,1,0.0
20230129,6,,1,0.0
20230205,6,,1,0.0
20230212,6,,1,0.0
20230219,6,,1,0.0
20230226,6,,1,0.0
20230305,6,,1,0.0
20230312,6,,1,0.0
20230319,6,,1,0.0
20230326,6,,1,0.0
20230402,6,,1,0.0
20230409,6,,1,0.0
20230416,6,,1,0.0
20230423,6,,1,0.0
20230430,6,,1,0.0
20230507,6,,1,0.0
20230514,6,,1,0.0
20230521,6,,1,0.0
20230528,6,,1,0.0
20230604,6,,1,0.0
20230611,6,,1,0.0
20230618,6,,1,0.0
20230625,6,,1,0.0
20230702,6,,1,0.0
20230709,6,,1,0.0
20230716,6,,1,0.0
20230723,6,,1,0.0
20230730,6,,1,0.0
20230806,6,,1,0.0
20230813,6,,1,0.0
20230820,6,,1,0.0
20230827,6,,1,0.0
20230903,6,,1,0.0
20230910,6,,1,0.0
20230917,6,,1,0.0
20230924,6,,1,0.0
20231001,6,,1,0.0
20231008,6,,1,0.0
20231015,6,,1,0.0
20231022,6,,1,0.0
20231029,6,,1,0.0
20231105,6,,1,0.0
20231112,6,,1,0.0
20231119,6,,1,0.0
20231126,6,,1,0.0
20231203,6,,1,0.0
20231210,6,,1,0.0
20231217,6,,1,0.0
20231224,6,,1,0.0
20231231,6,,1,0.0
20240107,6,,1,0.0
20240114,6,,1,0.0
20240121,6,,1,0.0
20240128,6,,1,0.0
20240204,6,,1,0.0
20240211,6,,1,0.0
20240218,6,,1,0.0
20240225,6,,1,0.0
20240303,6,,1,0.0
20240310,6,,1,0.0
20240317,6,,1,0.0
20240324,6,,1,0.0
20240331,6,,1,0.0
20240407,6,,1,0.0
20240414,6,,1,0.0
20240421,6,,1,0.0
20240428,6,,1,0.0
20240505,6,,1,0.0
20240512,6,,1,1.0
20240519,6,,1,0.0
20240526,6,,1,0.0
20240602,6,,1,0.0
20240609,6,,1,0.0
20240616,6,,1,0.0
20240623,6,,1,0.0
20240630,6,,1,0.0
20240707,6,,1,0.0
20240714,6,,1,0.0
20240721,6,,1,0.0
20240728,6,,1,0.0
20240804,6,,1,0.0
20240811,6,,1,0.0
20240818,6,,1,0.0
20240825,6,,1,0.0
20240901,6,,1,0.0
20240908,6,,1,0.0
20240915,6,,1,0.0
20240922,6,,1,0.0
20240929,6,,1,0.0
20241006,6,,1,1.0
20241013,6,,1,0.0
20241020,6,,1,0.0
20241027,6,,1,0.0
20241103,6,,1,0.0
20241110,6,,1,0.0
20241117,6,,1,1.0
20241124,6,,1,0.0
20241201,6,,1,0.0
20241208,6,,1,0.0
20241215,6,,1,0.0
20241222,6,,1,0.0
20241229,6,,1,0.0
20250105,6,,1,0.0
20250112,6,,1,0.0
20250119,6,,1,0.0
20250126,6,,1,0.0
20250202,6,,1,0.0
20250209,6,,1,0.0
20250216,6,,1,0.0
20250223,6,,1,0.0
20250302,6,,1,0.0
20250309,6,,1,0.0
20250316,6,,1,0.0
20250323,6,,1,0.0
20250330,6,,1,0.0
20250406,6,,1,0.0
20250413,6,,1,1.0
20250420,6,,1,1.0
20250427,6,,1,0.0
20250504,6,,1,1.0
20250511,6,,1,0.0
20250518,6,,1,0.0
20250525,6,,1,1.0
20250601,6,,1,1.0
20250608,6,,1,0.0
20250615,6,,1,0.0
20250622,6,,1,1.0
20250629,6,,1,1.0
20250706,6,,1,1.0
20250713,6,,1,2.0
20250720,6,,1,2.0
20250727,6,,1,2.0
20250803,6,,1,2.0
20250810,6,,1,2.0
20250817,6,,1,1.0
20250824,6,,1,2.0
20250831,6,,1,2.0
20250907,6,,1,2.0
20250914,6,,1,2.0
20250921,6,,1,1.0
20250928,6,,1,2.0
20251005,6,,1,2.0
20251012,6,,1,2.0
20251019,6,,1,3.0
20251026,6,,1,4.0
20251102,6,,1,5.0
20251109,6,,1,5.0
20251116,6,,1,5.0
20251123,6,,1,6.0
20251130,6,,1,5.0
20251207,6,,1,5.0
20251214,6,,1,5.0
20251221,6,,1,6.0
20251228,6,,1,6.0
20260104,6,,1,7.0
20260111,6,,1,7.0
20260118,6,,1,7.0
20260125,6,,1,7.0
20260201,6,,1,6.0
20260208,6,,1,6.0
20260215,6,,1,6.0
20260222,6,,1,5.0
20260301,6,,1,8.0
20260308,6,,1,9.0
20260315,6,,1,6.0
20260322,6,,1,7.0
20260329,6,,1,7.0
20260405,6,,1,6.0
20260412,6,,1,7.0
20260419,6,,1,7.0
20260426,6,,1,7.0
20260503,6,,1,6.0
20260510,6,,1,6.0
20260517,6,,1,6.0
20260524,6,,1,6.0
20260531,6,,1,6.0
20260607,6,,1,6.0
20260614,6,,1,5.0
20260621,6,,1,7.0
20260628,6,,1,8.0
20260705,6,,1,8.0
20260712,6,,1,7.0
20260719,6,,1,7.0
20260726,6,,1,6.0
20260802,6,,1,5.0
20260809,6,,1,5.0
20230101,7,,1,0.0
20230108,7,,1,0.0
20230115,7,,1,0.0
20230122,7,,1,0.0
20230129,7,,1,0.0
20230205,7,,1,0.0
20230212,7,,1,0.0
20230219,7,,1,0.0
20230226,7,,1,0.0
20230305,7,,1,0.0
20230312,7,,1,0.0
20230319,7,,1,0.0
20230326,7,,1,0.0
20230402,7,,1,0.0
20230409,7,,1,0.0
20230416,7,,1,0.0
20230423,7,,1,0.0
20230430,7,,1,0.0
20230507,7,,1,0.0
20230514,7,,1,0.0
20230521,7,,1,0.0
20230528,7,,1,0.0
20230604,7,,1,0.0
20230611,7,,1,0.0
20230618,7,,1,0.0
20230625,7,,1,0.0
20230702,7,,1,0.0
20230709,7,,1,0.0
20230716,7,,1,0.0
20230723,7,,1,0.0
20230730,7,,1,0.0
20230806,7,,1,0.0
20230813,7,,1,0.0
20230820,7,,1,0.0
20230827,7,,1,0.0
20230903,7,,1,0.0
20230910,7,,1,0.0
20230917,7,,1,0.0
20230924,7,,1,0.0
20231001,7,,1,0.0
20231008,7,,1,0.0
20231015,7,,1,0.0
20231022,7,,1,0.0
20231029,7,,1,0.0
20231105,7,,1,0.0
20231112,7,,1,0.0
20231119,7,,1,0.0
20231126,7,,1,0.0
20231203,7,,1,0.0
20231210,7,,1,0.0
20231217,7,,1,0.0
20231224,7,,1,0.0
20231231,7,,1,0.0
20240107,7,,1,0.0
20240114,7,,1,0.0
20240121,7,,1,0.0
20240128,7,,1,0.0
20240204,7,,1,0.0
20240211,7,,1,0.0
20240218,7,,1,0.0
20240225,7,,1,0.0
20240303,7,,1,0.0
20240310,7,,1,0.0
20240317,7,,1,0.0
20240324,7,,1,0.0
20240331,7,,1,0.0
20240407,7,,1,0.0
20240414,7,,1,0.0
20240421,7,,1,0.0
20240428,7,,1,0.0
20240505,7,,1,0.0
20240512,7,,1,0.0
20240519,7,,1,0.0
20240526,7,,1,0.0
20240602,7,,1,0.0
20240609,7,,1,0.0
20240616,7,,1,0.0
20240623,7,,1,0.0
20240630,7,,1,0.0
20240707,7,,1,0.0
20240714,7,,1,0.0
20240721,7,,1,0.0
20240728,7,,1,0.0
20240804,7,,1,0.0
20240811,7,,1,0.0
20240818,7,,1,0.0
20240825,7,,1,0.0
20240901,7,,1,0.0
20240908,7,,1,0.0
20240915,7,,1,0.0
20240922,7,,1,0.0
20240929,7,,1,0.0
20241006,7,,1,0.0
20241013,7,,1,0.0
20241020,7,,1,1.0
20241027,7,,1,0.0
20241103,7,,1,0.0
20241110,7,,1,0.0
20241117,7,,1,0.0
20241124,7,,1,0.0
20241201,7,,1,0.0
20241208,7,,1,0.0
20241215,7,,1,0.0
20241222,7,,1,0.0
20241229,7,,1,0.0
20250105,7,,1,0.0
20250112,7,,1,0.0
20250119,7,,1,0.0
20250126,7,,1,0.0
20250202,7,,1,0.0
20250209,7,,1,0.0
20250216,7,,1,0.0
20250223,7,,1,0.0
20250302,7,,1,0.0
20250309,7,,1,0.0
20250316,7,,1,0.0
20250323,7,,1,0.0
20250330,7,,1,0.0
20250406,7,,1,0.0
20250413,7,,1,0.0
20250420,7,,1,0.0
20250427,7,,1,0.0
20250504,7,,1,0.0
20250511,7,,1,0.0
20250518,7,,1,0.0
20250525,7,,1,0.0
20250601,7,,1,0.0
20250608,7,,1,0.0
20250615,7,,1,0.0
20250622,7,,1,0.0
20250629,7,,1,0.0
20250706,7,,1,1.0
20250713,7,,1,0.0
20250720,7,,1,0.0
20250727,7,,1,0.0
20250803,7,,1,0.0
20250810,7,,1,0.0
20250817,7,,1,0.0
20250824,7,,1,0.0
20250831,7,,1,0.0
20250907,7,,1,0.0
20250914,7,,1,1.0
20250921,7,,1,0.0
20250928,7,,1,1.0
20251005,7,,1,0.0
20251012,7,,1,0.0
20251019,7,,1,0.0
20251026,7,,1,0.0
20251102,7,,1,0.0
20251109,7,,1,0.0
20251116,7,,1,0.0
20251123,7,,1,0.0
20251130,7,,1,1.0
20251207,7,,1,0.0
20251214,7,,1,0.0
20251221,7,,1,1.0
20251228,7,,1,0.0
20260104,7,,1,2.0
20260111,7,,1,1.0
20260118,7,,1,1.0
20260125,7,,1,1.0
20260201,7,,1,0.0
20260208,7,,1,1.0
20260215,7,,1,1.0
20260222,7,,1,1.0
20260301,7,,1,1.0
20260308,7,,1,1.0
20260315,7,,1,1.0
20260322,7,,1,1.0
20260329,7,,1,0.0
20260405,7,,1,1.0
20260412,7,,1,1.0
20260419,7,,1,1.0
20260426,7,,1,1.0
20260503,7,,1,1.0
20260510,7,,1,1.0
20260517,7,,1,1.0
20260524,7,,1,0.0
20260531,7,,1,1.0
20260607,7,,1,1.0
20260614,7,,1,1.0
20260621,7,,1,1.0
20260628,7,,1,1.0
20260705,7,,1,1.0
20260712,7,,1,1.0
20260719,7,,1,1.0
20260726,7,,1,1.0
20260802,7,,1,1.0
20260809,7,,1,1.0
20230101,8,,1,0.0
20230108,8,,1,0.0
20230115,8,,1,0.0
20230122,8,,1,0.0
20230129,8,,1,0.0
20230205,8,,1,0.0
20230212,8,,1,0.0
20230219,8,,1,0.0
20230226,8,,1,0.0
20230305,8,,1,0.0
20230312,8,,1,0.0
20230319,8,,1,0.0
20230326,8,,1,0.0
20230402,8,,1,0.0
20230409,8,,1,0.0
20230416,8,,1,1.0
20230423,8,,1,0.0
20230430,8,,1,0.0
20230507,8,,1,1.0
20230514,8,,1,0.0
20230521,8,,1,0.0
20230528,8,,1,0.0
20230604,8,,1,1.0
20230611,8,,1,0.0
20230618,8,,1,0.0
20230625,8,,1,0.0
20230702,8,,1,0.0
20230709,8,,1,0.0
20230716,8,,1,0.0
20230723,8,,1,0.0
20230730,8,,1,1.0
20230806,8,,1,0.0
20230813,8,,1,0.0
20230820,8,,1,0.0
20230827,8,,1,0.0
20230903,8,,1,0.0
20230910,8,,1,0.0
20230917,8,,1,0.0
20230924,8,,1,0.0
20231001,8,,1,0.0
20231008,8,,1,0.0
20231015,8,,1,0.0
20231022,8,,1,0.0
20231029,8,,1,0.0
20231105,8,,1,0.0
20231112,8,,1,0.0
20231119,8,,1,0.0
20231126,8,,1,0.0
20231203,8,,1,0.0
20231210,8,,1,0.0
20231217,8,,1,0.0
20231224,8,,1,0.0
20231231,8,,1,0.0
20240107,8,,1,0.0
20240114,8,,1,0.0
20240121,8,,1,0.0
20240128,8,,1,0.0
20240204,8,,1,0.0
20240211,8,,1,0.0
20240218,8,,1,0.0
20240225,8,,1,0.0
20240303,8,,1,0.0
20240310,8,,1,0.0
20240317,8,,1,0.0
20240324,8,,1,0.0
20240331,8,,1,0.0
20240407,8,,1,0.0
20240414,8,,1,0.0
20240421,8,,1,0.0
20240428,8,,1,0.0
20240505,8,,1,0.0
20240512,8,,1,0.0
20240519,8,,1,0.0
20240526,8,,1,0.0
20240602,8,,1,0.0
20240609,8,,1,1.0
20240616,8,,1,0.0
20240623,8,,1,0.0
20240630,8,,1,0.0
20240707,8,,1,1.0
20240714,8,,1,0.0
20240721,8,,1,0.0
20240728,8,,1,0.0
20240804,8,,1,0.0
20240811,8,,1,0.0
20240818,8,,1,0.0
20240825,8,,1,0.0
20240901,8,,1,0.0
20240908,8,,1,0.0
20240915,8,,1,0.0
20240922,8,,1,0.0
20240929,8,,1,0.0
20241006,8,,1,1.0
20241013,8,,1,0.0
20241020,8,,1,0.0
20241027,8,,1,0.0
20241103,8,,1,0.0
20241110,8,,1,0.0
20241117,8,,1,0.0
20241124,8,,1,0.0
20241201,8,,1,0.0
20241208,8,,1,0.0
20241215,8,,1,0.0
20241222,8,,1,0.0
20241229,8,,1,0.0
20250105,8,,1,0.0
20250112,8,,1,0.0
20250119,8,,1,0.0
20250126,8,,1,0.0
20250202,8,,1,0.0
20250209,8,,1,0.0
20250216,8,,1,0.0
20250223,8,,1,0.0
20250302,8,,1,0.0
20250309,8,,1,0.0
20250316,8,,1,0.0
20250323,8,,1,0.0
20250330,8,,1,0.0
20250406,8,,1,1.0
20250413,8,,1,0.0
20250420,8,,1,0.0
20250427,8,,1,0.0
20250504,8,,1,0.0
20250511,8,,1,0.0
20250518,8,,1,0.0
20250525,8,,1,0.0
20250601,8,,1,1.0
20250608,8,,1,1.0
20250615,8,,1,1.0
20250622,8,,1,1.0
20250629,8,,1,1.0
20250706,8,,1,0.0
20250713,8,,1,1.0
20250720,8,,1,1.0
20250727,8,,1,0.0
20250803,8,,1,1.0
20250810,8,,1,2.0
20250817,8,,1,1.0
20250824,8,,1,2.0
20250831,8,,1,2.0
20250907,8,,1,2.0
20250914,8,,1,2.0
20250921,8,,1,2.0
20250928,8,,1,2.0
20251005,8,,1,2.0
20251012,8,,1,2.0
20251019,8,,1,2.0
20251026,8,,1,2.0
20251102,8,,1,2.0
20251109,8,,1,2.0
20251116,8,,1,2.0
20251123,8,,1,3.0
20251130,8,,1,3.0
20251207,8,,1,3.0
20251214,8,,1,2.0
20251221,8,,1,3.0
20251228,8,,1,3.0
20260104,8,,1,3.0
20260111,8,,1,3.0
20260118,8,,1,3.0
20260125,8,,1,4.0
20260201,8,,1,4.0
20260208,8,,1,4.0
20260215,8,,1,4.0
20260222,8,,1,5.0
20260301,8,,1,5.0
20260308,8,,1,5.0
20260315,8,,1,6.0
20260322,8,,1,6.0
20260329,8,,1,6.0
20260405,8,,1,4.0
20260412,8,,1,6.0
20260419,8,,1,7.0
20260426,8,,1,6.0
20260503,8,,1,6.0
20260510,8,,1,6.0
20260517,8,,1,6.0
20260524,8,,1,6.0
20260531,8,,1,6.0
20260607,8,,1,6.0
20260614,8,,1,6.0
20260621,8,,1,6.0
20260628,8,,1,8.0
20260705,8,,1,8.0
20260712,8,,1,8.0
20260719,8,,1,8.0
20260726,8,,1,8.0
20260802,8,,1,7.0
20260809,8,,1,7.0
20230101,9,,1,0.0
20230108,9,,1,0.0
20230115,9,,1,0.0
20230122,9,,1,0.0
20230129,9,,1,0.0
20230205,9,,1,0.0
20230212,9,,1,0.0
20230219,9,,1,0.0
20230226,9,,1,0.0
20230305,9,,1,0.0
20230312,9,,1,0.0
20230319,9,,1,0.0
20230326,9,,1,0.0
20230402,9,,1,0.0
20230409,9,,1,0.0
20230416,9,,1,0.0
20230423,9,,1,0.0
20230430,9,,1,0.0
20230507,9,,1,0.0
20230514,9,,1,0.0
20230521,9,,1,0.0
20230528,9,,1,0.0
20230604,9,,1,0.0
20230611,9,,1,0.0
20230618,9,,1,0.0
20230625,9,,1,0.0
20230702,9,,1,0.0
20230709,9,,1,0.0
20230716,9,,1,0.0
20230723,9,,1,0.0
20230730,9,,1,0.0
20230806,9,,1,0.0
20230813,9,,1,0.0
20230820,9,,1,0.0
20230827,9,,1,0.0
20230903,9,,1,0.0
20230910,9,,1,0.0
20230917,9,,1,0.0
20230924,9,,1,0.0
20231001,9,,1,0.0
20231008,9,,1,0.0
20231015,9,,1,0.0
20231022,9,,1,0.0
20231029,9,,1,0.0
20231105,9,,1,1.0
20231112,9,,1,0.0
20231119,9,,1,0.0
20231126,9,,1,0.0
20231203,9,,1,0.0
20231210,9,,1,0.0
20231217,9,,1,0.0
20231224,9,,1,0.0
20231231,9,,1,0.0
20240107,9,,1,0.0
20240114,9,,1,0.0
20240121,9,,1,0.0
20240128,9,,1,0.0
20240204,9,,1,0.0
20240211,9,,1,0.0
20240218,9,,1,0.0
20240225,9,,1,0.0
20240303,9,,1,0.0
20240310,9,,1,0.0
20240317,9,,1,0.0
20240324,9,,1,0.0
20240331,9,,1,0.0
20240407,9,,1,0.0
20240414,9,,1,0.0
20240421,9,,1,0.0
20240428,9,,1,0.0
20240505,9,,1,0.0
20240512,9,,1,0.0
20240519,9,,1,0.0
20240526,9,,1,0.0
20240602,9,,1,0.0
20240609,9,,1,0.0
20240616,9,,1,0.0
20240623,9,,1,0.0
20240630,9,,1,0.0
20240707,9,,1,0.0
20240714,9,,1,0.0
20240721,9,,1,0.0
20240728,9,,1,0.0
20240804,9,,1,0.0
20240811,9,,1,0.0
20240818,9,,1,0.0
20240825,9,,1,0.0
20240901,9,,1,0.0
20240908,9,,1,0.0
20240915,9,,1,0.0
20240922,9,,1,0.0
20240929,9,,1,0.0
20241006,9,,1,0.0
20241013,9,,1,0.0
20241020,9,,1,0.0
20241027,9,,1,0.0
20241103,9,,1,0.0
20241110,9,,1,0.0
20241117,9,,1,0.0
20241124,9,,1,0.0
20241201,9,,1,0.0
20241208,9,,1,0.0
20241215,9,,1,0.0
20241222,9,,1,0.0
20241229,9,,1,0.0
20250105,9,,1,0.0
20250112,9,,1,0.0
20250119,9,,1,0.0
20250126,9,,1,0.0
20250202,9,,1,0.0
20250209,9,,1,0.0
20250216,9,,1,0.0
20250223,9,,1,0.0
20250302,9,,1,0.0
20250309,9,,1,0.0
20250316,9,,1,0.0
20250323,9,,1,0.0
20250330,9,,1,0.0
20250406,9,,1,0.0
20250413,9,,1,0.0
20250420,9,,1,0.0
20250427,9,,1,0.0
20250504,9,,1,0.0
20250511,9,,1,0.0
20250518,9,,1,0.0
20250525,9,,1,0.0
20250601,9,,1,0.0
20250608,9,,1,0.0
20250615,9,,1,0.0
20250622,9,,1,0.0
20250629,9,,1,0.0
20250706,9,,1,0.0
20250713,9,,1,0.0
20250720,9,,1,0.0
20250727,9,,1,0.0
20250803,9,,1,1.0
20250810,9,,1,1.0
20250817,9,,1,0.0
20250824,9,,1,0.0
20250831,9,,1,1.0
20250907,9,,1,0.0
20250914,9,,1,0.0
20250921,9,,1,0.0
20250928,9,,1,0.0
20251005,9,,1,1.0
20251012,9,,1,0.0
20251019,9,,1,1.0
20251026,9,,1,0.0
20251102,9,,1,1.0
20251109,9,,1,1.0
20251116,9,,1,1.0
20251123,9,,1,1.0
20251130,9,,1,1.0
20251207,9,,1,1.0
20251214,9,,1,1.0
20251221,9,,1,1.0
20251228,9,,1,1.0
20260104,9,,1,2.0
20260111,9,,1,1.0
20260118,9,,1,1.0
20260125,9,,1,2.0
20260201,9,,1,1.0
20260208,9,,1,1.0
20260215,9,,1,1.0
20260222,9,,1,1.0
20260301,9,,1,1.0
20260308,9,,1,2.0
20260315,9,,1,2.0
20260322,9,,1,2.0
20260329,9,,1,2.0
20260405,9,,1,2.0
20260412,9,,1,2.0
20260419,9,,1,2.0
20260426,9,,1,1.0
20260503,9,,1,1.0
20260510,9,,1,2.0
20260517,9,,1,2.0
20260524,9,,1,2.0
20260531,9,,1,1.0
20260607,9,,1,1.0
20260614,9,,1,1.0
20260621,9,,1,2.0
20260628,9,,1,2.0
20260705,9,,1,2.0
20260712,9,,1,3.0
20260719,9,,1,1.0
20260726,9,,1,1.0
20260802,9,,1,1.0
20260809,9,,1,1.0
20230101,1,4,1,4.0
20230101,1,3,1,2.0
20230101,1,1,1,2.0
20230101,1,2,1,3.0
20260510,1,1,1,4.0
20260510,1,3,1,3.0
20260510,1,2,1,3.0
20260510,1,4,1,2.0
20230101,2,1,1,0.5
20230101,2,4,1,0.0
20230101,2,2,1,0.0
20230101,2,3,1,0.0
20260510,2,3,1,1.0
20260510,2,1,1,1.0
20260510,2,2,1,1.0
20260510,2,4,1,0.5
20230101,3,1,1,1.0
20230101,3,2,1,1.0
20230101,3,4,1,0.0
20230101,3,3,1,0.0
20260510,3,3,1,56.0
20260510,3,1,1,48.0
20260510,3,4,1,44.0
20260510,3,2,1,49.0
20230101,4,3,1,62.0
20230101,4,1,1,60.0
20230101,4,2,1,60.0
20230101,4,4,1,58.0
20260510,4,1,1,27.0
20260510,4,2,1,30.0
20260510,4,3,1,18.0
20260510,4,4,1,18.0
20230101,5,3,1,7.0
20230101,5,2,1,4.0
20230101,5,1,1,3.0
20230101,5,4,1,3.0
20260510,5,3,1,5.0
20260510,5,4,1,4.0
20260510,5,1,1,4.0
20260510,5,2,1,5.0
20230101,6,1,1,1.0
20230101,6,4,1,0.0
20230101,6,2,1,0.0
20230101,6,3,1,0.0
20260510,6,3,1,6.0
20260510,6,4,1,6.0
20260510,6,1,1,6.0
20260510,6,2,1,6.0
20230101,7,2,1,1.0
20230101,7,1,1,0.5
20230101,7,4,1,0.0
20230101,7,3,1,0.0
20260510,7,1,1,1.0
20260510,7,2,1,1.0
20260510,7,3,1,0.5
20260510,7,4,1,0.5
20230101,8,1,1,1.0
20230101,8,2,1,1.0
20230101,8,4,1,0.0
20230101,8,3,1,0.0
20260510,8,3,1,11.0
20260510,8,4,1,9.0
20260510,8,1,1,6.0
20260510,8,2,1,7.0
20230101,9,1,1,0.5
20230101,9,4,1,0.0
20230101,9,2,1,0.0
20230101,9,3,1,0.0
20260510,9,3,1,2.0
20260510,9,1,1,1.0
20260510,9,2,1,1.0
20260510,9,4,1,0.0
